<?xml version="1.0" encoding="UTF-8"?>
<beans xmlns:tx="http://www.springframework.org/schema/tx" 
        xmlns:mvc="http://www.springframework.org/schema/mvc" 
        xmlns="http://www.springframework.org/schema/beans" 
		xmlns:xsi="http://www.w3.org/2001/XMLSchema-instance"
        xmlns:context="http://www.springframework.org/schema/context" 
		xmlns:util="http://www.springframework.org/schema/util"
		xmlns:c="www.springframework.org/schema/c"
        xsi:schemaLocation="http://www.springframework.org/schema/beans
		http://www.springframework.org/schema/beans/spring-beans-2.5.xsd
        http://www.springframework.org/schema/context 
		http://www.springframework.org/schema/context/spring-context-2.5.xsd
        http://www.springframework.org/schema/util 
		http://www.springframework.org/schema/util/spring-util-2.0.xsd
        http://www.springframework.org/schema/tx 
		http://www.springframework.org/schema/tx/spring-tx-2.5.xsd
		http://www.springframework.org/schema/mvc 
        http://www.springframework.org/schema/mvc/spring-mvc.xsd">
		
<tx:annotation-driven/>   

<context:component-scan base-package="cdacProject"></context:component-scan>

	<mvc:annotation-driven></mvc:annotation-driven>
	<mvc:resources location="/WEB-INF/resources/" mapping="/resources/**"></mvc:resources>
		
<bean name="ViewResolver" class="org.springframework.web.servlet.view.InternalResourceViewResolver">
   <property name="prefix" value="/WEB-INF/views/"/>
   <property name="suffix" value=".jsp"/>
</bean>		

<!-- configuring multipart resolver -->
<bean name="multipartResolver" class="org.springframework.web.multipart.commons.CommonsMultipartResolver"/>


<bean name="ds" class="org.springframework.jdbc.datasource.DriverManagerDataSource">
<property name="driverClassName" value="com.mysql.jdbc.Driver"/>
<property name="url" value="jdbc:mysql://localhost:3306/proj_logindetails"/>
<property name="username" value="root"/>
<property name="password" value=""/>


</bean>


<bean name="factory" class="org.springframework.orm.hibernate5.LocalSessionFactoryBean">

<!-- datasource properties -->

<property name="dataSource" ref="ds"></property>

<!-- hibernate Properties -->

<property name="hibernateProperties">
<props>
<prop key="hibernate.dialect">org.hibernate.dialect.MySQL57Dialect</prop>
<!-- The dialect specifies the type of database used in hibernate so that hibernate generate appropriate type of SQL statements -->
<prop key="hibernate.show_sql">true</prop>
<prop key="hibernate.hbm2ddl.auto">update</prop>   <!-- hbmddl property is used to create relation or table automatically using ORM -->
</props>
</property>


<!-- Annotated class -->

<property name="annotatedClasses">
<list>
<value>cdacProject.model.LoginUser</value>
</list>
</property>

</bean>

<bean name="hibernateTemplate" class="org.springframework.orm.hibernate5.HibernateTemplate">
<property name="sessionFactory" ref="factory"></property>
</bean>
 


<bean name="transactionManager" class="org.springframework.orm.hibernate5.HibernateTransactionManager">
<property name="sessionFactory" ref="factory"/>
</bean>

		
</beans>	
		